Statistic Label,Years,Area,VALUE
New House Prices,1975,Dublin,13137
New House Prices,1975,Cork,12921
New House Prices,1975,Galway,14420
New House Prices,1975,Limerick,13594
New House Prices,1975,Waterford,12636
New House Prices,1975,Other areas,13833
New House Prices,1976,Dublin,15342
New House Prices,1976,Cork,15347
New House Prices,1976,Galway,17842
New House Prices,1976,Limerick,15279
New House Prices,1976,Waterford,13900
New House Prices,1976,Other areas,15361
New House Prices,1977,Dublin,19055
New House Prices,1977,Cork,18652
New House Prices,1977,Galway,21715
New House Prices,1977,Limerick,19992
New House Prices,1977,Waterford,17296
New House Prices,1977,Other areas,18025
New House Prices,1978,Dublin,25745
New House Prices,1978,Cork,22460
New House Prices,1978,Galway,26244
New House Prices,1978,Limerick,23077
New House Prices,1978,Waterford,21295
New House Prices,1978,Other areas,22839
New House Prices,1979,Dublin,32005
New House Prices,1979,Cork,29064
New House Prices,1979,Galway,30466
New House Prices,1979,Limerick,30538
New House Prices,1979,Waterford,27164
New House Prices,1979,Other areas,27137
New House Prices,1980,Dublin,37822
New House Prices,1980,Cork,34617
New House Prices,1980,Galway,33839
New House Prices,1980,Limerick,34340
New House Prices,1980,Waterford,32136
New House Prices,1980,Other areas,32663
New House Prices,1981,Dublin,44456
New House Prices,1981,Cork,35464
New House Prices,1981,Galway,39729
New House Prices,1981,Limerick,41520
New House Prices,1981,Waterford,34638
New House Prices,1981,Other areas,37857
New House Prices,1982,Dublin,48886
New House Prices,1982,Cork,38213
New House Prices,1982,Galway,45460
New House Prices,1982,Limerick,40195
New House Prices,1982,Waterford,41741
New House Prices,1982,Other areas,42889
New House Prices,1983,Dublin,48169
New House Prices,1983,Cork,39223
New House Prices,1983,Galway,45650
New House Prices,1983,Limerick,41430
New House Prices,1983,Waterford,42132
New House Prices,1983,Other areas,43501
New House Prices,1984,Dublin,48819
New House Prices,1984,Cork,41105
New House Prices,1984,Galway,45774
New House Prices,1984,Limerick,42944
New House Prices,1984,Waterford,44115
New House Prices,1984,Other areas,43654
New House Prices,1985,Dublin,49166
New House Prices,1985,Cork,42738
New House Prices,1985,Galway,49004
New House Prices,1985,Limerick,44511
New House Prices,1985,Waterford,43741
New House Prices,1985,Other areas,45058
New House Prices,1986,Dublin,50891
New House Prices,1986,Cork,43844
New House Prices,1986,Galway,49804
New House Prices,1986,Limerick,47222
New House Prices,1986,Waterford,47928
New House Prices,1986,Other areas,46486
New House Prices,1987,Dublin,50864
New House Prices,1987,Cork,45846
New House Prices,1987,Galway,48162
New House Prices,1987,Limerick,46946
New House Prices,1987,Waterford,46966
New House Prices,1987,Other areas,45740
New House Prices,1988,Dublin,57994
New House Prices,1988,Cork,49605
New House Prices,1988,Galway,52238
New House Prices,1988,Limerick,53296
New House Prices,1988,Waterford,47531
New House Prices,1988,Other areas,47380
New House Prices,1989,Dublin,68393
New House Prices,1989,Cork,54670
New House Prices,1989,Galway,57936
New House Prices,1989,Limerick,54732
New House Prices,1989,Waterford,50506
New House Prices,1989,Other areas,51355
New House Prices,1990,Dublin,80749
New House Prices,1990,Cork,61074
New House Prices,1990,Galway,68019
New House Prices,1990,Limerick,62258
New House Prices,1990,Waterford,53904
New House Prices,1990,Other areas,55729
New House Prices,1991,Dublin,78715
New House Prices,1991,Cork,64651
New House Prices,1991,Galway,66784
New House Prices,1991,Limerick,64598
New House Prices,1991,Waterford,53366
New House Prices,1991,Other areas,58645
New House Prices,1992,Dublin,79200
New House Prices,1992,Cork,65107
New House Prices,1992,Galway,75417
New House Prices,1992,Limerick,60184
New House Prices,1992,Waterford,52656
New House Prices,1992,Other areas,62433
New House Prices,1993,Dublin,75539
New House Prices,1993,Cork,68172
New House Prices,1993,Galway,74761
New House Prices,1993,Limerick,66825
New House Prices,1993,Waterford,61341
New House Prices,1993,Other areas,65025
New House Prices,1994,Dublin,81993
New House Prices,1994,Cork,71378
New House Prices,1994,Galway,77375
New House Prices,1994,Limerick,68238
New House Prices,1994,Waterford,69185
New House Prices,1994,Other areas,66829
New House Prices,1995,Dublin,86671
New House Prices,1995,Cork,76608
New House Prices,1995,Galway,87783
New House Prices,1995,Limerick,73348
New House Prices,1995,Waterford,69950
New House Prices,1995,Other areas,71829
New House Prices,1996,Dublin,97058
New House Prices,1996,Cork,85351
New House Prices,1996,Galway,93050
New House Prices,1996,Limerick,83281
New House Prices,1996,Waterford,79784
New House Prices,1996,Other areas,82091
New House Prices,1997,Dublin,122036
New House Prices,1997,Cork,96046
New House Prices,1997,Galway,109905
New House Prices,1997,Limerick,91077
New House Prices,1997,Waterford,91608
New House Prices,1997,Other areas,94664
New House Prices,1998,Dublin,160699
New House Prices,1998,Cork,112133
New House Prices,1998,Galway,118738
New House Prices,1998,Limerick,104248
New House Prices,1998,Waterford,107954
New House Prices,1998,Other areas,116589
New House Prices,1999,Dublin,193526
New House Prices,1999,Cork,141007
New House Prices,1999,Galway,138928
New House Prices,1999,Limerick,121880
New House Prices,1999,Waterford,132050
New House Prices,1999,Other areas,136970
New House Prices,2000,Dublin,221724
New House Prices,2000,Cork,166557
New House Prices,2000,Galway,163824
New House Prices,2000,Limerick,145834
New House Prices,2000,Waterford,145713
New House Prices,2000,Other areas,154050
New House Prices,2001,Dublin,243095
New House Prices,2001,Cork,174550
New House Prices,2001,Galway,171161
New House Prices,2001,Limerick,152205
New House Prices,2001,Waterford,155488
New House Prices,2001,Other areas,166834
New House Prices,2002,Dublin,256109
New House Prices,2002,Cork,184369
New House Prices,2002,Galway,187607
New House Prices,2002,Limerick,168574
New House Prices,2002,Waterford,167272
New House Prices,2002,Other areas,179936
New House Prices,2003,Dublin,291646
New House Prices,2003,Cork,211980
New House Prices,2003,Galway,223388
New House Prices,2003,Limerick,197672
New House Prices,2003,Waterford,195173
New House Prices,2003,Other areas,203125
New House Prices,2004,Dublin,322628
New House Prices,2004,Cork,237858
New House Prices,2004,Galway,242218
New House Prices,2004,Limerick,210868
New House Prices,2004,Waterford,220286
New House Prices,2004,Other areas,228057
New House Prices,2005,Dublin,350891
New House Prices,2005,Cork,265644
New House Prices,2005,Galway,274905
New House Prices,2005,Limerick,226393
New House Prices,2005,Waterford,246914
New House Prices,2005,Other areas,254006
New House Prices,2006,Dublin,405957
New House Prices,2006,Cork,305015
New House Prices,2006,Galway,286176
New House Prices,2006,Limerick,275411
New House Prices,2006,Waterford,271521
New House Prices,2006,Other areas,276570
New House Prices,2007,Dublin,416225
New House Prices,2007,Cork,325453
New House Prices,2007,Galway,300750
New House Prices,2007,Limerick,288202
New House Prices,2007,Waterford,292057
New House Prices,2007,Other areas,296605
New House Prices,2008,Dublin,370495
New House Prices,2008,Cork,314276
New House Prices,2008,Galway,292777
New House Prices,2008,Limerick,276719
New House Prices,2008,Waterford,288478
New House Prices,2008,Other areas,282677
New House Prices,2009,Dublin,260170
New House Prices,2009,Cork,252011
New House Prices,2009,Galway,236113
New House Prices,2009,Limerick,260684
New House Prices,2009,Waterford,227444
New House Prices,2009,Other areas,231739
New House Prices,2010,Dublin,251629
New House Prices,2010,Cork,244333
New House Prices,2010,Galway,219459
New House Prices,2010,Limerick,224778
New House Prices,2010,Waterford,224021
New House Prices,2010,Other areas,218097
New House Prices,2011,Dublin,290668
New House Prices,2011,Cork,241502
New House Prices,2011,Galway,229558
New House Prices,2011,Limerick,216307
New House Prices,2011,Waterford,205598
New House Prices,2011,Other areas,216400
New House Prices,2012,Dublin,265633
New House Prices,2012,Cork,235473
New House Prices,2012,Galway,219233
New House Prices,2012,Limerick,212902
New House Prices,2012,Waterford,179716
New House Prices,2012,Other areas,207957
New House Prices,2013,Dublin,300466
New House Prices,2013,Cork,240063
New House Prices,2013,Galway,218308
New House Prices,2013,Limerick,206456
New House Prices,2013,Waterford,154051
New House Prices,2013,Other areas,207573
New House Prices,2014,Dublin,333720
New House Prices,2014,Cork,242099
New House Prices,2014,Galway,218016
New House Prices,2014,Limerick,208442
New House Prices,2014,Waterford,177122
New House Prices,2014,Other areas,214404
New House Prices,2015,Dublin,377741
New House Prices,2015,Cork,255010
New House Prices,2015,Galway,241058
New House Prices,2015,Limerick,232791
New House Prices,2015,Waterford,213506
New House Prices,2015,Other areas,251437
New House Prices,2016,Dublin,397676
New House Prices,2016,Cork,293343
New House Prices,2016,Galway,262215
New House Prices,2016,Limerick,239024
New House Prices,2016,Waterford,239409
New House Prices,2016,Other areas,272290